{
  "fases_disponiveis": [
    0,
    1,
    2,
    3,
    4,
    5,
    6,
    7
  ],
  "idade_esperada_por_fase": {
    "0": 9.0,
    "1": 10.5,
    "2": 12.0,
    "3": 14.0,
    "4": 15.0,
    "5": 16.0,
    "6": 17.0,
    "7": 18.0
  },
  "por_fase": {
    "0": {
      "n_alunos": 190,
      "inde_mean": 7.365552631578947,
      "inde_std": 0.7732072316922458,
      "ips_mean": 7.00578947368421,
      "ips_std": 1.0583096024809684,
      "inde_distribution": [
        3.898,
        4.28,
        5.198,
        5.246,
        5.313,
        5.552,
        5.666,
        5.702,
        5.79,
        5.989,
        6.011,
        6.026,
        6.04,
        6.099,
        6.253,
        6.33,
        6.342,
        6.344,
        6.433,
        6.525,
        6.575,
        6.602,
        6.634,
        6.644,
        6.656,
        6.658,
        6.672,
        6.684,
        6.707,
        6.731,
        6.741,
        6.799,
        6.81,
        6.818,
        6.82,
        6.832,
        6.839,
        6.848,
        6.864,
        6.894,
        6.896,
        6.902,
        6.922,
        6.922,
        6.931,
        6.952,
        6.953,
        6.955,
        6.976,
        6.98,
        6.985,
        6.994,
        6.996,
        7.004,
        7.025,
        7.049,
        7.093,
        7.096,
        7.097,
        7.139,
        7.151,
        7.172,
        7.204,
        7.205,
        7.217,
        7.218,
        7.227,
        7.232,
        7.234,
        7.25,
        7.259,
        7.263,
        7.28,
        7.282,
        7.285,
        7.3,
        7.335,
        7.347,
        7.369,
        7.382,
        7.387,
        7.402,
        7.405,
        7.41,
        7.41,
        7.412,
        7.412,
        7.417,
        7.42,
        7.426,
        7.432,
        7.44,
        7.441,
        7.461,
        7.48,
        7.483,
        7.484,
        7.485,
        7.485,
        7.488,
        7.497,
        7.504,
        7.507,
        7.511,
        7.515,
        7.518,
        7.523,
        7.541,
        7.561,
        7.563,
        7.569,
        7.576,
        7.587,
        7.592,
        7.598,
        7.617,
        7.625,
        7.641,
        7.642,
        7.646,
        7.656,
        7.659,
        7.665,
        7.675,
        7.676,
        7.676,
        7.679,
        7.703,
        7.729,
        7.736,
        7.738,
        7.741,
        7.742,
        7.755,
        7.771,
        7.776,
        7.786,
        7.791,
        7.819,
        7.831,
        7.862,
        7.873,
        7.875,
        7.887,
        7.902,
        7.911,
        7.911,
        7.944,
        7.952,
        7.973,
        8.0,
        8.003,
        8.004,
        8.058,
        8.06,
        8.064,
        8.084,
        8.093,
        8.098,
        8.121,
        8.136,
        8.136,
        8.143,
        8.154,
        8.155,
        8.172,
        8.179,
        8.185,
        8.197,
        8.207,
        8.244,
        8.26,
        8.26,
        8.264,
        8.279,
        8.325,
        8.34,
        8.358,
        8.361,
        8.378,
        8.398,
        8.453,
        8.481,
        8.491,
        8.513,
        8.538,
        8.566,
        8.616,
        8.65,
        8.68
      ]
    },
    "1": {
      "n_alunos": 192,
      "inde_mean": 7.199828125,
      "inde_std": 0.8726546528147251,
      "ips_mean": 7.0843750000000005,
      "ips_std": 0.869835168233205,
      "inde_distribution": [
        4.365,
        4.742,
        4.934,
        4.949,
        4.972,
        5.18,
        5.233,
        5.263,
        5.313,
        5.335,
        5.427,
        5.539,
        5.588,
        5.722,
        5.818,
        5.844,
        5.853,
        5.889,
        5.949,
        6.018,
        6.026,
        6.067,
        6.086,
        6.127,
        6.254,
        6.281,
        6.301,
        6.307,
        6.309,
        6.323,
        6.35,
        6.376,
        6.39,
        6.407,
        6.44,
        6.464,
        6.51,
        6.575,
        6.582,
        6.589,
        6.606,
        6.613,
        6.621,
        6.625,
        6.632,
        6.641,
        6.652,
        6.683,
        6.71,
        6.714,
        6.723,
        6.73,
        6.736,
        6.763,
        6.77,
        6.794,
        6.853,
        6.86,
        6.866,
        6.928,
        6.947,
        6.953,
        6.962,
        6.996,
        6.996,
        7.004,
        7.011,
        7.035,
        7.039,
        7.039,
        7.044,
        7.05,
        7.059,
        7.064,
        7.074,
        7.094,
        7.106,
        7.107,
        7.131,
        7.132,
        7.18,
        7.181,
        7.189,
        7.21,
        7.216,
        7.221,
        7.276,
        7.277,
        7.292,
        7.302,
        7.303,
        7.303,
        7.306,
        7.308,
        7.336,
        7.365,
        7.381,
        7.392,
        7.398,
        7.407,
        7.413,
        7.425,
        7.435,
        7.448,
        7.451,
        7.456,
        7.461,
        7.475,
        7.476,
        7.48,
        7.483,
        7.502,
        7.507,
        7.524,
        7.525,
        7.576,
        7.577,
        7.59,
        7.591,
        7.591,
        7.593,
        7.594,
        7.604,
        7.619,
        7.621,
        7.634,
        7.653,
        7.661,
        7.665,
        7.678,
        7.693,
        7.7,
        7.713,
        7.725,
        7.729,
        7.744,
        7.745,
        7.75,
        7.756,
        7.776,
        7.78,
        7.783,
        7.785,
        7.792,
        7.794,
        7.808,
        7.826,
        7.83,
        7.855,
        7.856,
        7.857,
        7.862,
        7.866,
        7.929,
        7.95,
        7.988,
        8.0,
        8.013,
        8.018,
        8.025,
        8.041,
        8.057,
        8.064,
        8.072,
        8.079,
        8.086,
        8.093,
        8.101,
        8.11,
        8.121,
        8.151,
        8.18,
        8.181,
        8.2,
        8.22,
        8.229,
        8.232,
        8.261,
        8.265,
        8.287,
        8.306,
        8.306,
        8.334,
        8.338,
        8.339,
        8.363,
        8.417,
        8.465,
        8.622,
        8.814,
        8.903,
        8.971
      ]
    },
    "2": {
      "n_alunos": 155,
      "inde_mean": 6.958929032258065,
      "inde_std": 0.8810800198758238,
      "ips_mean": 6.821290322580645,
      "ips_std": 1.0634413078141547,